[
  {
    "OSThreadId": 8416,
    "GcMode": 1,
    "IsBackground": true,
    "IsFinalizer": false,
    "IsGCSuspendPending": false,
    "LockCount": 0,
    "ManagedThreadId": 5,
    "CallStack": [
      "InlinedCallFrame",
      "InlinedCallFrame",
      "DomainNeutralILStubClass.IL_STUB_PInvoke(Microsoft.Win32.SafeHandles.SafeFileHandle, Byte*, Int32, Int32 ByRef, IntPtr)",
      "System.IO.FileStream.ReadFileNative(Microsoft.Win32.SafeHandles.SafeFileHandle, Byte[], Int32, Int32, System.Threading.NativeOverlapped*, Int32 ByRef)",
      "System.IO.FileStream.ReadCore(Byte[], Int32, Int32)",
      "System.IO.FileStream.Read(Byte[], Int32, Int32)",
      "System.IO.Stream+<>c.<BeginReadInternal>b__39_0(System.Object)",
      "System.Threading.Tasks.Task`1[[System.Int32, mscorlib]].InnerInvoke()",
      "System.Threading.Tasks.Task.Execute()",
      "System.Threading.ExecutionContext.RunInternal(System.Threading.ExecutionContext, System.Threading.ContextCallback, System.Object, Boolean)",
      "System.Threading.ExecutionContext.Run(System.Threading.ExecutionContext, System.Threading.ContextCallback, System.Object, Boolean)",
      "System.Threading.Tasks.Task.ExecuteWithThreadLocal(System.Threading.Tasks.Task ByRef)",
      "System.Threading.Tasks.Task.ExecuteEntry(Boolean)",
      "System.Threading.ThreadPoolWorkQueue.Dispatch()",
      "DebuggerU2MCatchHandlerFrame"
    ],
    "CallStackHash": -567735963,
    "IsUserSuspended": false
  },
  {
    "OSThreadId": 4036,
    "GcMode": 1,
    "IsBackground": true,
    "IsFinalizer": false,
    "IsGCSuspendPending": false,
    "LockCount": 0,
    "ManagedThreadId": 10,
    "CallStack": [
      "HelperMethodFrame_1OBJ",
      "System.Threading.WaitHandle.InternalWaitOne(System.Runtime.InteropServices.SafeHandle, Int64, Boolean, Boolean)",
      "System.Threading.WaitHandle.WaitOne(System.TimeSpan, Boolean)",
      "System.Threading.WaitHandle.WaitOne(System.TimeSpan)",
      "Microsoft.ApplicationInsights.Channel.InMemoryTransmitter.Runner()",
      "System.Threading.Tasks.Task.Execute()",
      "System.Threading.ExecutionContext.RunInternal(System.Threading.ExecutionContext, System.Threading.ContextCallback, System.Object, Boolean)",
      "System.Threading.ExecutionContext.Run(System.Threading.ExecutionContext, System.Threading.ContextCallback, System.Object, Boolean)",
      "System.Threading.Tasks.Task.ExecuteWithThreadLocal(System.Threading.Tasks.Task ByRef)",
      "System.Threading.Tasks.Task.ExecuteEntry(Boolean)",
      "System.Threading.ExecutionContext.RunInternal(System.Threading.ExecutionContext, System.Threading.ContextCallback, System.Object, Boolean)",
      "System.Threading.ExecutionContext.Run(System.Threading.ExecutionContext, System.Threading.ContextCallback, System.Object, Boolean)",
      "System.Threading.ExecutionContext.Run(System.Threading.ExecutionContext, System.Threading.ContextCallback, System.Object)",
      "System.Threading.ThreadHelper.ThreadStart(System.Object)",
      "GCFrame",
      "DebuggerU2MCatchHandlerFrame",
      "ContextTransitionFrame",
      "DebuggerU2MCatchHandlerFrame"
    ],
    "CallStackHash": 920464442,
    "IsUserSuspended": false
  },
  {
    "OSThreadId": 8400,
    "GcMode": 1,
    "IsBackground": true,
    "IsFinalizer": false,
    "IsGCSuspendPending": false,
    "LockCount": 0,
    "ManagedThreadId": 11,
    "CallStack": [
      "HelperMethodFrame",
      "System.Threading.Thread.Sleep(Int32)",
      "System.Threading.Thread.Sleep(System.TimeSpan)",
      "Microsoft.ApplicationInsights.Metrics.DefaultAggregationPeriodCycle.Run()",
      "System.Threading.ExecutionContext.RunInternal(System.Threading.ExecutionContext, System.Threading.ContextCallback, System.Object, Boolean)",
      "System.Threading.ExecutionContext.Run(System.Threading.ExecutionContext, System.Threading.ContextCallback, System.Object, Boolean)",
      "System.Threading.ExecutionContext.Run(System.Threading.ExecutionContext, System.Threading.ContextCallback, System.Object)",
      "System.Threading.ThreadHelper.ThreadStart()",
      "GCFrame",
      "DebuggerU2MCatchHandlerFrame",
      "ContextTransitionFrame",
      "DebuggerU2MCatchHandlerFrame"
    ],
    "CallStackHash": -1494639088,
    "IsUserSuspended": false
  },
  {
    "OSThreadId": 8060,
    "GcMode": 1,
    "IsBackground": true,
    "IsFinalizer": false,
    "IsGCSuspendPending": false,
    "LockCount": 0,
    "ManagedThreadId": 12,
    "CallStack": [
      "InlinedCallFrame",
      "InlinedCallFrame",
      "DomainNeutralILStubClass.IL_STUB_PInvoke(Microsoft.Win32.SafeHandles.SafeFileHandle, Byte*, Int32, Int32 ByRef, IntPtr)",
      "System.IO.FileStream.ReadFileNative(Microsoft.Win32.SafeHandles.SafeFileHandle, Byte[], Int32, Int32, System.Threading.NativeOverlapped*, Int32 ByRef)",
      "System.IO.FileStream.ReadCore(Byte[], Int32, Int32)",
      "System.IO.FileStream.Read(Byte[], Int32, Int32)",
      "System.IO.Stream+<>c.<BeginReadInternal>b__39_0(System.Object)",
      "System.Threading.Tasks.Task`1[[System.Int32, mscorlib]].InnerInvoke()",
      "System.Threading.Tasks.Task.Execute()",
      "System.Threading.ExecutionContext.RunInternal(System.Threading.ExecutionContext, System.Threading.ContextCallback, System.Object, Boolean)",
      "System.Threading.ExecutionContext.Run(System.Threading.ExecutionContext, System.Threading.ContextCallback, System.Object, Boolean)",
      "System.Threading.Tasks.Task.ExecuteWithThreadLocal(System.Threading.Tasks.Task ByRef)",
      "System.Threading.Tasks.Task.ExecuteEntry(Boolean)",
      "System.Threading.ThreadPoolWorkQueue.Dispatch()",
      "DebuggerU2MCatchHandlerFrame",
      "ContextTransitionFrame",
      "DebuggerU2MCatchHandlerFrame"
    ],
    "CallStackHash": -755282317,
    "IsUserSuspended": false
  },
  {
    "OSThreadId": 8380,
    "GcMode": 1,
    "IsBackground": true,
    "IsFinalizer": false,
    "IsGCSuspendPending": false,
    "LockCount": 0,
    "ManagedThreadId": 13,
    "CallStack": [
      "GCFrame",
      "HelperMethodFrame_1OBJ",
      "System.Threading.ManualResetEventSlim.Wait(Int32, System.Threading.CancellationToken)",
      "System.Threading.Tasks.Task.SpinThenBlockingWait(Int32, System.Threading.CancellationToken)",
      "System.Threading.Tasks.Task.InternalWait(Int32, System.Threading.CancellationToken)",
      "Microsoft.ApplicationInsights.Extensibility.PerfCounterCollector.QuickPulse.QuickPulseTelemetryModule.StateThreadWorker(System.Threading.CancellationToken)",
      "Microsoft.ApplicationInsights.Extensibility.PerfCounterCollector.Implementation.QuickPulse.Helpers.QuickPulseThreadModuleScheduler+State.Worker(System.Object)",
      "System.Threading.ExecutionContext.RunInternal(System.Threading.ExecutionContext, System.Threading.ContextCallback, System.Object, Boolean)",
      "System.Threading.ExecutionContext.Run(System.Threading.ExecutionContext, System.Threading.ContextCallback, System.Object, Boolean)",
      "System.Threading.ExecutionContext.Run(System.Threading.ExecutionContext, System.Threading.ContextCallback, System.Object)",
      "System.Threading.ThreadHelper.ThreadStart(System.Object)",
      "GCFrame",
      "DebuggerU2MCatchHandlerFrame",
      "ContextTransitionFrame",
      "DebuggerU2MCatchHandlerFrame"
    ],
    "CallStackHash": -1451232221,
    "IsUserSuspended": false
  },
  {
    "OSThreadId": 5624,
    "GcMode": 1,
    "IsBackground": true,
    "IsFinalizer": false,
    "IsGCSuspendPending": false,
    "LockCount": 0,
    "ManagedThreadId": 14,
    "CallStack": null,
    "CallStackHash": -1494639088,
    "IsUserSuspended": false
  },
  {
    "OSThreadId": 7612,
    "GcMode": 1,
    "IsBackground": true,
    "IsFinalizer": false,
    "IsGCSuspendPending": false,
    "LockCount": 1,
    "ManagedThreadId": 15,
    "CallStack": [
      "HelperMethodFrame_1OBJ",
      "System.Threading.WaitHandle.WaitAny(System.Threading.WaitHandle[], Int32, Boolean)",
      "System.Net.TimerThread.ThreadProc()",
      "System.Threading.ExecutionContext.RunInternal(System.Threading.ExecutionContext, System.Threading.ContextCallback, System.Object, Boolean)",
      "System.Threading.ExecutionContext.Run(System.Threading.ExecutionContext, System.Threading.ContextCallback, System.Object, Boolean)",
      "System.Threading.ExecutionContext.Run(System.Threading.ExecutionContext, System.Threading.ContextCallback, System.Object)",
      "System.Threading.ThreadHelper.ThreadStart()",
      "GCFrame",
      "DebuggerU2MCatchHandlerFrame",
      "ContextTransitionFrame",
      "DebuggerU2MCatchHandlerFrame"
    ],
    "CallStackHash": -321303266,
    "IsUserSuspended": false
  },
  {
    "OSThreadId": 7812,
    "GcMode": 1,
    "IsBackground": true,
    "IsFinalizer": false,
    "IsGCSuspendPending": false,
    "LockCount": 0,
    "ManagedThreadId": 25,
    "CallStack": null,
    "CallStackHash": -755282317,
    "IsUserSuspended": false
  },
  {
    "OSThreadId": 6176,
    "GcMode": 1,
    "IsBackground": true,
    "IsFinalizer": false,
    "IsGCSuspendPending": false,
    "LockCount": 0,
    "ManagedThreadId": 26,
    "CallStack": null,
    "CallStackHash": -567735963,
    "IsUserSuspended": false
  },
  {
    "OSThreadId": 4308,
    "GcMode": 1,
    "IsBackground": true,
    "IsFinalizer": false,
    "IsGCSuspendPending": false,
    "LockCount": 0,
    "ManagedThreadId": 20,
    "CallStack": [
      "HelperMethodFrame_1OBJ",
      "System.Threading.WaitHandle.InternalWaitOne(System.Runtime.InteropServices.SafeHandle, Int64, Boolean, Boolean)",
      "System.Threading.WaitHandle.WaitOne(Int32, Boolean)",
      "System.Diagnostics.Process.WaitForExit(Int32)",
      "Microsoft.Azure.AppService.MySql.MySqlProcess.WaitForMySqlExit(System.Diagnostics.Process)",
      "System.Threading.Tasks.Task.Execute()",
      "System.Threading.ExecutionContext.RunInternal(System.Threading.ExecutionContext, System.Threading.ContextCallback, System.Object, Boolean)",
      "System.Threading.ExecutionContext.Run(System.Threading.ExecutionContext, System.Threading.ContextCallback, System.Object, Boolean)",
      "System.Threading.Tasks.Task.ExecuteWithThreadLocal(System.Threading.Tasks.Task ByRef)",
      "System.Threading.Tasks.Task.ExecuteEntry(Boolean)",
      "System.Threading.ThreadPoolWorkQueue.Dispatch()",
      "DebuggerU2MCatchHandlerFrame"
    ],
    "CallStackHash": 1053709777,
    "IsUserSuspended": false
  },
  {
    "OSThreadId": 8988,
    "GcMode": 1,
    "IsBackground": true,
    "IsFinalizer": false,
    "IsGCSuspendPending": false,
    "LockCount": 1,
    "ManagedThreadId": 70,
    "CallStack": [
      "HelperMethodFrame_1OBJ",
      "System.Threading.WaitHandle.WaitAny(System.Threading.WaitHandle[], Int32, Boolean)",
      "System.Net.TimerThread.ThreadProc()",
      "System.Threading.ExecutionContext.RunInternal(System.Threading.ExecutionContext, System.Threading.ContextCallback, System.Object, Boolean)",
      "System.Threading.ExecutionContext.Run(System.Threading.ExecutionContext, System.Threading.ContextCallback, System.Object, Boolean)",
      "System.Threading.ExecutionContext.Run(System.Threading.ExecutionContext, System.Threading.ContextCallback, System.Object)",
      "System.Threading.ThreadHelper.ThreadStart()",
      "GCFrame",
      "DebuggerU2MCatchHandlerFrame"
    ],
    "CallStackHash": -1851684418,
    "IsUserSuspended": false
  }
]